Date,Verb,C1,Infinitive,C2,Present tense,C3,Past tense,C4,Past participle,Percent
24/11/2020 00:00:00,Grill,,å grille,,griller,,grillte¨,,grillte,50
24/11/2020 00:00:00,Snow,,å snø,,snø,,snørte,,har snødd,50
24/11/2020 00:00:00,help,,å hjelpe,,hjelper,,hjelpte,,hjalp,50
25/11/2020 00:00:00,Discuss,,å diskuss,,diskuterer,,diskuterte,,diskurteret,50
25/11/2020 00:00:00,Pass (as in exam),,å pass,,å består,,bestør,,bestodde,0
01/03/2021 00:00:00,"be, feel",,å føle,,føler seg,,felte seg,,følet,25
01/03/2021 00:00:00,grip,,å grape,,griper,,grippte,,grepte,25
01/03/2021 00:00:00,rise,,å rise,,eser,,este,,eset,50
01/03/2021 00:00:00,"be found, exist",,å ble,,finner,,finde,,fint,0
01/03/2021 00:00:00,mount,,å moiunt,,beslår,,beslør,,beslodde,25
01/03/2021 00:00:00,purchase,,å kjøpe,,kjøper,,kjøpte,,kjøpet,75
01/03/2021 00:00:00,"tread, step",,å ser,,trer,,trete,,trådet,25
01/04/2021 00:00:00,earn,,å løne,,tjener,,tjente,,tjentt,50
01/04/2021 00:00:00,"enjoy, thrive",,å thrive,,triver,,tridde,,trivt,0
01/04/2021 00:00:00,move,,å mover,,flytter,,flutte,,flytt,25
01/04/2021 00:00:00,gape,,å gave,,gaper,,gapte,,gaptt,50
01/04/2021 00:00:00,"wait, expect",,å vente,,venter,,vent,,ventt,50
01/04/2021 00:00:00,sign,,å skrive,,underskriver,,underskrevte,,har underskrevte,25
01/04/2021 00:00:00,fall,,å fell,,faller,,fallte,,falt,25
01/04/2021 00:00:00,sign,,å underskrive,,underskriver,,underskrev,,har underskrevet,100
01/04/2021 00:00:00,bother,,å bother,,bryer,,bridde,,brydte,0
01/04/2021 00:00:00,fill,,å fille,,fyler,,fyllte,,fylet,0
01/04/2021 00:00:00,infect,,infection,,smitter,,smitet,,smite,25
01/05/2021 00:00:00,weigh,,å tunmp,,veier,,veste,,veidet,25
01/05/2021 00:00:00,mount,,å munn,,beslår,,beståte,,beslott,25
01/05/2021 00:00:00,dread,,å drømme,,gruer seg,,grued seg,,grud seg,25
01/05/2021 00:00:00,hug,,å hugge,,hugger,,huggte,,hugg,50
01/05/2021 00:00:00,sign,,å skrive,,overskriver,,overskrivte,,overskrevt,25
01/05/2021 00:00:00,crow,,crowe,,galer,,galte,,golt,25
01/05/2021 00:00:00,bleed,,å blå,,blør,,blørte,,blød,25
01/05/2021 00:00:00,dream,,å drømme,,drømmer,,drømte,,drømet,75
01/05/2021 00:00:00,"force, compel",,å force,,tvingler,,tvinglte,,tvangte,0
01/05/2021 00:00:00,crack,,å krakke,,knekker,,knekkte,,knak,25
01/05/2021 00:00:00,eat,,å spise,,spiser,,spiste,,har spist,100
01/06/2021 00:00:00,ride,,å ridd,,rir,,rirte,,redt,25
01/06/2021 00:00:00,meet/hit,,å møte,,freffer,,treffte,,trafft,0
01/06/2021 00:00:00,"be, exist",,å være,,bli,,va,,vart,25
01/06/2021 00:00:00,"operate, run",,å løppe,,driver,,drivte,,drevt,25
01/06/2021 00:00:00,sit,,å sitte,,sitter,,sitt,,satt,50
01/06/2021 00:00:00,employ,,å jobbe,,ansetter,,ansett,,har ansatt,50
01/06/2021 00:00:00,do,,å gjøre,,gjør,,gjørte,,har gjorte,50
01/06/2021 00:00:00,be,,å være,,bli,,blir,,har ble,0
01/06/2021 00:00:00,sit,,å sitte,,sitter,,satt,,har satt,75
01/07/2021 00:00:00,enjoy,,å like,,¨nyter,,nutte,,nyte,0
01/07/2021 00:00:00,"go, walk",,å go,,går,,gjore,,gikk,25
01/07/2021 00:00:00,write,,å skrive,,skriver,,skrivte,,skrevte,50
01/07/2021 00:00:00,ask,,å sporre,,ber,,berte,,har berte,25
01/07/2021 00:00:00,"operate, run",,å drive,,driver,,drivte,,har drått,50
01/07/2021 00:00:00,drink,,å drikke,,drikker,,drukk,,har drakk,50
01/07/2021 00:00:00,drop,,å drop,,slipper,,slippte,,har slapp,25
01/07/2021 00:00:00,sell,,å selge,,selger,,solgte,,har salgt,75
01/07/2021 00:00:00,ask,,å spørre,,sporrer,,spørte,,har spurt,50
01/07/2021 00:00:00,"operate, run",,å drive,,driver,,drev / dreiv,,har drev,75
01/07/2021 00:00:00,laugh,,å la,,ler,,ler,,har latt,25
01/07/2021 00:00:00,continue,,å go,,fortsette,,forsatt,,har forsatt,0
01/07/2021 00:00:00,ask,,å sporre,,ber,,ba,,har berte,50
01/07/2021 00:00:00,employ,,[,,p,,p,,p,0
01/07/2021 00:00:00,take,,å ta,,tar,,tatt,,har tokte,50
01/07/2021 00:00:00,employ,,å la,,ansetter,,ansatt,,har ansett,25
01/07/2021 00:00:00,interrupt,,å le,,avryter,,avbrytte,,har avbrytt,0
01/07/2021 00:00:00,"bear, carry",,s,,bærer,,bærte,,har bærte,25
01/07/2021 00:00:00,ask,,å sporre,,b er,,bedre,,har batt,0
01/07/2021 00:00:00,be,,å være,,blir,,blidr,,har blett,25
01/07/2021 00:00:00,"violate, break",,å brake,,bryter,,brytte,,har brytt,25
01/07/2021 00:00:00,drink,,å drikke,,drikker,,drikte,,har drikk,50
01/07/2021 00:00:00,"operate, run",,å drive,,driver,,drivte,,har drevt,50
01/07/2021 00:00:00,get/receive,,å gå,,får,,fidd,,har fikk,25
01/07/2021 00:00:00,find,,å finne,,finner,,finte,,har fanet,50
01/07/2021 00:00:00,prefer,,å,,foretrekker,,fortrakk,,har foretrakket,25
01/07/2021 00:00:00,employ,,å savsla,,ansetter,,ansatt,,har ansett,25
01/07/2021 00:00:00,interrupt,,å le,,avbryter,,avbrytte,,har avbrutt,50
01/07/2021 00:00:00,employ,,å ansette,,ansetter,,ansatt,,har ansett,50
01/07/2021 12:09:51,employ,,å ansette,,ansetter,,ansatte,,har ansatt,100
01/07/2021 12:10:19,interrupt,,å interup,,avbryter,,avbrytte,,har avbrøtt,25
01/07/2021 12:11:01,"bear, carry",,å be,,bærer,,bp,,har b@rte,25
01/08/2021 16:29:34,employ,,å ansett,,ansetter,,ansatte,,har ansatt,75
01/08/2021 16:30:11,interrupt,,å avbrypte,,avbryter,,avbritt,,har avbritte,25
01/08/2021 16:31:25,"bear, carry",,å ba,,bærer,,blir,,har batt,25
01/08/2021 16:31:40,ask,,å anstva,,ber,,betta,,har bett,25
01/08/2021 16:32:18,"violate, break",,å brake,,bryter,,brytte,,har brotte,25
01/08/2021 16:44:51,employ,,å avbryte,,ansetter,,ansatt,,har ansett,25
01/08/2021 16:45:22,open,,å ansett,,åpner,,åpnet,,har åpnet,75
01/08/2021 16:45:49,work,,å jobbe,,arbeider,,arbeidet,,har arbeidet,75
01/08/2021 16:46:16,interrupt,,å avslutt,,avbrytter,,avbrutt,,har avbrutte,0
01/08/2021 16:46:42,"bear, carry",,å være,,bærer,,bærte,,har bær,25
01/08/2021 16:47:08,to bake,,å bake,,baker,,bakte,,har bakt,100
01/08/2021 16:47:22,ask,,å sporre,,ber,,berte,,har ber,25
01/08/2021 16:47:38,begin,,å begynere,,begynner,,begynnet,,har begynte,25
01/08/2021 16:49:09,pay,,å betale,,betaler,,batalte,,har betalte,50
01/08/2021 16:49:30,"mean, signify",,å betyr,,betyr,,berydde,,har betod,25
01/08/2021 16:49:52,to move,,å flytte,,beveger,,beveget,,har bevegte,50
01/08/2021 16:50:19,be,,å bli,,blir,,blid,,har blidd,50
01/08/2021 16:50:34,"live, reside",,å flytte,,bor,,bodde,,har bodt,50
01/08/2021 16:50:49,use,,å bruke,,bruker,,brukte,,har brukte,75
01/08/2021 16:51:05,"violate, break",,å bråke,,bryter,,bryttet,,har bratt,25
01/08/2021 16:51:30,should,,å bli,,burder,,bør,,har burdet,25
01/08/2021 16:51:57,to cover,,å b,,dekker,,dekkte,,har dekket,50
01/08/2021 16:53:09,die,,å dø,,dør,,dodde,,har død,50
01/08/2021 16:53:23,go/travel,,å ferie,,drar,,drukt,,har drukt,25
01/08/2021 16:53:45,drink,,å drikke,,drikker,,drikkte,,har drukk,50
01/08/2021 16:54:02,"operate, run",,å drive,,driver,,drøvte,,har drøvte,50
01/08/2021 16:54:21,shower,,å dusje,,dusjer,,dusjte,,har dusjet,75
01/08/2021 16:54:39,get/receive,,å fa,,får,,fatt,,har fatt,25
01/08/2021 16:54:53,find,,å finne,,finner,,finte,,har funt,50
01/08/2021 16:55:06,"be, feel",,å føle,,føler seg,,følte,,har følte seg,25
01/08/2021 16:55:55,prefer,,å choice,,fortrekker,,fortrakk,,har fortrakk,0
01/08/2021 16:56:25,explain,,å d,,forklarer,,foklarte,,har forklart,50
01/08/2021 16:56:45,understand,,å forstorre,,forstår,,forstør,,har forstudd,25
01/08/2021 16:57:24,disappear,,å d,,forsvinner,,forsvinn,,har forsvant,25
01/08/2021 16:58:00,"tell, explain",,å fortelle,,forteller,,fortelte,,har forte,50
01/08/2021 16:58:24,continue,,å f,,fortsetter,,forsatt,,v,25
01/08/2021 16:58:40,"go, walk",,å go,,går,,gikk,,har gjort,50
01/08/2021 16:58:57,give,,å gå,,gir,,gikk,,gått,25
01/08/2021 16:59:13,marry,,å gifte seg,,gifter,,giftet,,har giftet,75
01/08/2021 16:59:50,to hide,,å h,,gjemmer,,gjemte,,har gjemte,50
01/08/2021 17:00:06,repeat,,å g,,gjenter,,gjenate,,har gjentakk,0
01/08/2021 17:00:42,do,,å g,,gjå,,gikk,,har gjordet,0
01/08/2021 17:01:09,look forward,,å la,,gleder seg,,gledte seg,,har gledet seg,50
01/08/2021 17:01:33,forget,,å for,,glemmer,,glemmte,,har glemmte,25
01/08/2021 17:01:48,have,,å h,,har,,hadde,,har hatt,75
01/08/2021 17:02:02,"fetch, bring",,å bringe,,henter,,hentet,,har hentet,75
01/08/2021 17:02:26,be called/named,,å heter,,heter,,heter,,har hett,50
01/08/2021 17:02:40,greet,,å gratulere,,hilser,,hilste,,har hilste,50
01/08/2021 17:02:59,help,,å hjelp,,hjelper,,hjelpte,,har hjelp,25
01/08/2021 17:03:19,jump,,å jumpe,,hopper,,hoppet,,har hoppt,50
01/08/2021 17:03:33,hear,,å høre,,høorer,,har hørte,,har hørte,25
01/08/2021 17:03:56,cough,,å h,,hoster,,hostet,,har hostt,50
01/08/2021 17:04:14,remember,,å glemme,,husker,,husket,,har husket,75
01/08/2021 17:04:31,cast,,[,,kaster,,kaste,,har kastet,50
01/08/2021 17:07:17,"know (person, place)",,å kjenne,,kjenner,,kjennte,,har kjent,75
01/08/2021 17:07:36,purchase,,å kjøpe,,kjøper,,kjøpte,,har kjæopy,75
01/08/2021 17:07:58,cook,,å lage,,koker,,kokte,,har kokte,50
01/08/2021 17:08:17,come,,å kame,,kommer,,komt,,har kom,25
01/08/2021 17:08:30,"cost, sweep",,å koste,,koster,,koste,,har kostet,75
01/08/2021 17:09:06,can/be able to,,å kunne@,,kunner,,kude,,har kanne,0
01/08/2021 17:10:14,"make, create",,å lage,,lager,,lagte,,har laget,75
01/08/2021 17:10:27,laugh,,å lå,,ler,,lete,,har latt,25
01/08/2021 17:10:40,lay/put,,å ligge,,legger,,legte,,har latt,25
01/08/2021 17:10:53,play,,å leke,,leker,,lekte,,har lekt,100
01/08/2021 17:11:04,"live, be alive",,å liv,,lever,,levd,,har levd,50
01/08/2021 17:11:21,lie,,å le,,ligger,,liggte,,har latt,25
01/08/2021 17:11:36,like,,å like,,liker,,likte,,har likt,100
01/08/2021 17:11:46,listen,,å lytte,,lytter,,lyttet,,har lytt,75
01/08/2021 17:12:06,must/have to ,,å må,,matte,,minne,,mas,0
01/08/2021 17:12:23,enjoy,,å o,,nyter,,nytte,,har not,25
01/08/2021 17:12:40,to fix,,xdsf,,ordner,,ordnet,,har ordnet,75
01/08/2021 17:13:08,exaggerate,,å oversl,,overdriver,,overdrivte@,,har overdrevt,25
01/08/2021 17:14:07,fit,,å fit,,passer,,passte,,har passet,50
01/08/2021 17:14:27,"try, attempt",,å try,,prøver,,provde,,har prøv,25
01/08/2021 17:14:49,"clean, polish",,å rene,,pusser,,puste,,har pusst,25
01/08/2021 17:15:09,to breathe,,å pulse,,puster,,pustet,,har pustet,75
01/08/2021 17:15:37,reach,,å r,,rekker,,rekket,,har rakte,25
01/08/2021 17:15:56,ride,,å ridde,,ridder,,ride3,,har rød,0
01/08/2021 17:16:11,ring,,å ringe,,ringer,,ringte,,har ringt,100
01/08/2021 17:16:24,"call, shout",,å l,,roper,,ropte,,har ropt,75
01/08/2021 17:16:46,tidy,,å rydde,,rydder,,ryddte,,har rydd,50
01/08/2021 17:17:00,to realx,,å slape ,,sapper,,slappte,,har slappet,25
01/08/2021 17:17:30,see,,å se,,ser,,sor,,s,50
01/08/2021 17:17:40,sell,,å selge,,selger,,sølgte,,har sølgt,50
01/08/2021 17:17:55,send,,å senne,,sender,,sente,,har sent,25
01/08/2021 17:18:11,set/put/place,,å selle,,setter,,sett,,har satt,50
01/08/2021 17:18:32,"say, tell",,å si,,sir,,sir,,har sa,25
01/08/2021 17:18:47,sit,,å sitte,,sitter,,satt,,har satt,75
01/08/2021 17:19:01,cut,,å skjære,,skjærer,,skjærte,,har skjærte,50
01/08/2021 17:19:22,understand,,å forstå,,skjonner,,skjønnte,,har skjøbt,25
01/08/2021 17:19:56,to scare,,å s,,skremmer,,skremmte,,har skremt,50
01/08/2021 17:20:10,write,,å skrive,,skriver,,skrevte,,har skrevte,50
01/08/2021 17:20:23,"should, shall",,å skulle,,må,,må,,",å",25
01/08/2021 17:20:40,"hit, strike",,å slå,,slår,,slårr,,har slott,50
01/08/2021 17:21:50,drop,,dv,,slipper,,slipte,,har slapp,25
01/08/2021 17:22:03,"end, close",,å slutt,,slutter,,slut,,har slut,25
01/08/2021 17:22:24,smile,,å smile,,smiler,,smilte,,har s milt,75
01/08/2021 17:22:35,sneak,,å s,,sniker,,snikte,,har snet,25
01/08/2021 17:22:46,snow,,å snø,,snør,,snør,,har sudde,50
01/08/2021 17:23:23,sleep,,å sove,,sover,,sovte,,har sov,50
01/08/2021 17:23:36,play,,å spille,,har spilt,,har spilt,,har spilt,50
01/08/2021 17:23:55,eat,,å spise,,spiser,,spiste,,har spist,100
01/08/2021 17:24:43,ask,,å spørre,,spørrer,,spørte,,har spurt,50
01/08/2021 17:25:02,"stand, stand up",,å stande,,står,,studd,,har stud,25
01/08/2021 17:25:20,"roast, fry, bake",,å steke,,steker,,stekte,,har stekt,100
01/08/2021 17:25:38,"vote, agree",,å s,,stemmer,,stemmte,,gar stemt,25
01/08/2021 17:25:57,steal,,å s,,stjele,,stjeler,,har stjal,0
01/08/2021 17:26:10,stroke,,å røyke,,strykker,,struket,,har struket,0
01/08/2021 17:26:24,study,,å la,,studerer,,studerte,,har studert,75
01/08/2021 17:26:39,"answer, reply",,å svære,,svarer,,svarte,,har svart,75
01/08/2021 17:26:56,take,,å ta,,tar,,tok,,har tok,75
01/08/2021 17:27:04,count,,å telle,,teller,,tellte,,har telt,50
01/08/2021 17:27:24,"think, intend",,å tenke,,tenker,,tenkte,,har tenkt,100
01/08/2021 17:27:36,meet/hit,,å treffe,,treffer,,treffte,,har traff,50
01/08/2021 17:27:51,pull,,å t,,trekker,,trekte,,har trak,25
01/08/2021 17:28:06,need,,å trenge,,trenger,,trengte,,har trengt,100
01/08/2021 17:28:23,believe,,å tro,,tror,,trodde,,har trod,75
01/08/2021 17:28:35,to print,,å trikke,,trykker,,trykte,,trikker,25
01/08/2021 17:28:51,to joke ,,p d,,tuller,,tullte,,har tullet,50
01/08/2021 17:29:03,"be, exist",,å være,,be,,var,,har hat,50
01/08/2021 17:29:19,"wake, awaken",,å våke,,våkner,,våknte,,har våkt,25
01/08/2021 17:29:40,wash,,å vaske,,vasker,,vasket,,har vaskt,75
01/08/2021 17:29:52,"wait, expect",,å vente,,venter,,vente,,har vent,50
01/08/2021 17:30:05,"want to, will",,å ville,,skal,,vil,,har vil,25
01/08/2021 17:30:20,show,,å d,,viser,,viste,,vister,50
01/08/2021 17:30:33,know,,å vet,,viter,,har vet,,har vet,0
01/09/2021 20:30:20,open,,å åpne,,åpnet,,åpnet,,har åpnet,75
01/09/2021 20:35:39,open,,å åpne,,åpner,,åpnet,,har åpnet,100
01/09/2021 20:36:09,work,,å arbeide,,arbeider,,arbeidet,,har arbeidet,100
01/09/2021 20:36:31,to bake,,å bake,,baker,,bakte,,har bakt,100
01/09/2021 20:36:46,begin,,å begynne,,begynner,,begynte,,har begynte,75
01/09/2021 20:37:09,pay,,å betale,,betaler,,betalte,,har betalte,75
01/09/2021 20:38:18,"mean, signify",,å bety,,betyr,,betydde,,har betydd,100
01/09/2021 20:38:46,to move,,å flytte,,beveger,,beveget,,har beveget,50
01/09/2021 20:39:03,"live, reside",,å bo,,bor,,bodde,,har bodd,100
01/09/2021 20:39:18,use,,å bruke,,bruker,,brukte,,har brukt,100
01/09/2021 20:39:36,to cover,,å b,,dekker,,dekket,,har dekkt,50
01/09/2021 20:41:28,die,,å dø,,døor,,døde,,har dødd,50
01/09/2021 20:41:50,shower,,å dusje,,dusjer,,dusjet,,har dusjet,100
01/09/2021 20:42:38,"be, feel",,å føle,,føler seg,,følte seg,,hasr ,50
01/09/2021 20:44:06,explain,,å forkla,,forklarer,,forlart,,har forklart,50
01/09/2021 20:44:33,marry,,å gifte,,gifter,,giftet,,har giftet,100
01/09/2021 20:45:05,to hide,,å hyd,,gjemmer,,gjemte,,har gjemmt,50
01/09/2021 20:46:45,look forward,,å glede seg,,gleder seg,,gledet seg,,har gledt seg,75
01/09/2021 20:47:28,forget,,å glemme,,glemmer,,glemte,,har glemt,100
01/09/2021 20:49:45,"fetch, bring",,å henta,,henter,,hentet,,har hentet,75
01/09/2021 20:50:28,be called/named,,å hete,,heter,,hetet,,har het,50
01/09/2021 20:50:53,greet,,å hilse,,hilser,,hilste,,har hilst,100
01/09/2021 20:51:32,jump,,å jumpe,,hopper,,hoppet,,har hoppt,50
01/09/2021 20:53:22,hear,,å høre,,hører,,hørte,,har hørt,100
01/09/2021 20:53:44,cough,,å heste,,hoster,,hostet,,har hostt,50
01/09/2021 20:54:03,remember,,å huske,,husker,,husket,,har huskt,75
01/09/2021 20:54:23,cast,,å f,,kaster,,kastet,,har kastet,75
01/09/2021 20:54:42,"know (person, place)",,å kjenne,,kjenner,,kjennte,,har kjønt,50
01/09/2021 20:55:04,purchase,,å betale,,kjøper,,kjøpte,,har kjøpt,75
01/09/2021 20:55:27,cook,,å lage,,koker,,kokte,,har kokt,75
01/09/2021 20:55:39,"cost, sweep",,å koste,,koster,,kostet,,har kost,75
01/09/2021 20:56:30,"make, create",,å lage,,lager,,lagte,,har lagt,50
01/09/2021 20:56:42,play,,å leke,,leker,,lekte,,har lekt,100
01/09/2021 20:56:52,"live, be alive",,å leve,,lever,,levde,,har levd,100
01/09/2021 20:57:12,like,,å like,,liker,,likte,,har likt,100
01/09/2021 20:57:22,listen,,å lytte,,lytter,,lyttet,,har lytt,75
01/09/2021 20:57:36,to fix,,å fixe,,ordner,,ordnet,,har ordet,50
01/09/2021 20:58:04,fit,,å d,,passer,,passte,,har passt,25
01/09/2021 20:58:23,"try, attempt",,å d,,prøver,,prøvde,,har prøvd,75
01/09/2021 20:58:40,"clean, polish",,å pusse,,pusser,,puset,,har puss,50
01/09/2021 20:59:05,to breathe,,å puste,,puster,,pustet,,har pustet,100
01/09/2021 20:59:27,ring,,å ringe,,ringer,,ringte,,har ring,75
01/09/2021 20:59:38,"call, shout",,å skrike,,roper,,ropte,,har ropt,75
01/09/2021 20:59:54,tidy,,å ridde,,rydder,,ryddet,,har rydd,50
01/09/2021 21:00:11,to realx,,å slape,,sapper,,slappet,,har slappt,25
01/09/2021 21:01:41,send,,å sende,,sender,,sente,,har sendt,75
01/09/2021 21:01:54,cut,,å sjære,,skjærer,,skjærte,,har skart,25
01/09/2021 21:02:16,understand,,å forstæ,,skjønner,,skjønnte,,har skjøtt,25
01/09/2021 21:03:02,to scare,,åd,,skremmer,,skremte,,har skremt,75
01/09/2021 21:03:21,"end, close",,å slutt,,slutter,,sluttet,,har slått,50
01/09/2021 21:03:40,smile,,å smile,,smiler,,smilte,,har smilt,100
01/09/2021 21:03:51,snow,,å snø,,snør,,snodde,,har snødd,75
01/09/2021 21:04:06,play,,å spile,,spiller,,spillte,,har spilt,50
01/09/2021 21:04:29,eat,,å spise,,spiser,,spiste,,har spist,100
01/09/2021 21:04:39,"roast, fry, bake",,å steke,,steker,,stekte,,har stekt,100
01/09/2021 21:04:54,"vote, agree",,å s,,stemmer,,stemmte,,har stemt,50
01/09/2021 21:05:08,study,,å studere,,studerer,,studerte,,har studert,100
01/09/2021 21:06:29,"answer, reply",,å svare,,svarer,,svarte,,har svart,100
01/09/2021 21:06:40,"think, intend",,å tenke,,tenker,,tenkte,,har tenkt,100
01/09/2021 21:06:53,need,,å trenge,,trenger,,trengte,,har trengt,100
01/09/2021 21:07:04,believe,,å trø,,tror,,trodde,,har trodd,75
01/09/2021 21:07:19,to print,,å trykke,,trykker,,trykket,,har trikket,75
01/09/2021 21:08:01,to joke ,,å j,,tuller,,tullte,,har tullt,25
01/09/2021 21:08:24,"wake, awaken",,å vake,,våkner,,våknet,,har våknt,50
01/09/2021 21:09:14,wash,,å vaske,,vasker,,vasket,,har vaskt,75
01/09/2021 21:09:31,"wait, expect",,å vente,,ventee,,ventet,,har ventet,75
01/09/2021 21:09:44,show,,å s,,viser,,viste,,har vist,75
01/10/2021 14:08:49,open,,å åpne,,åpner,,åpnet,,har åpnet,100
01/10/2021 14:12:42,open,,å åpne,,åpner,,åpnet,,har åpnet,100
01/10/2021 14:13:05,work,,å arbeide,,arbeider,,arbeidet,,har arbeidet,100
01/10/2021 14:13:37,to bake,,å bake,,baker,,bakte,,har bakt,100
01/10/2021 14:13:56,begin,,å begynne,,begynner,,begynnte,,har begynnt,50
01/10/2021 14:14:27,pay,,å betale,,betaler,,betalte,,har betalt,100
01/10/2021 14:14:47,"mean, signify",,å bety,,betyr,,betydde,,har betyd,75
01/10/2021 14:15:08,to move,,å bevegelse,,beveger,,beveget,,har bevegt,50
01/10/2021 14:15:40,"live, reside",,å bo,,bo,,bodde,,har bodd,75
01/10/2021 14:16:27,use,,å bruke,,bruker,,brukte,,har brukt,100
01/10/2021 14:16:40,to cover,,å brytte,,dekker,,dekkte,,har dekt,25
01/10/2021 14:16:55,die,,å do,,dør,,døde,,har dødd,50
01/10/2021 14:18:00,shower,,å dusje,,dusjer,,dusjet,,har dusjt,75
01/10/2021 14:18:20,"be, feel",,å føle,,føler seg,,følte seg,,har følt seg,75
01/10/2021 14:18:46,explain,,å beklage,,forklarer,,forklarte,,har forklart,75
01/10/2021 14:19:04,marry,,å gifte,,gifter,,giftet,,har gift,75
01/10/2021 14:19:21,to hide,,å d,,gjemmer,,gjemte,,har gjemt,75
01/10/2021 14:21:45,look forward,,å glede seg,,gleder seg,,gledet seg,,har gledet seg,100
01/10/2021 14:22:12,forget,,å glemme,,glemmer,,glemmte,,har glemt,75
01/10/2021 14:22:30,"fetch, bring",,å bringe,,henter,,hentet,,har hent,50
01/10/2021 14:26:23,be called/named,,å hete,,heter,,hetet,,har hett,75
01/10/2021 14:26:54,greet,,å hilse,,hilser,,hilste,,har hilst,100
01/10/2021 14:27:13,jump,,å hoppe,,hopper,,hoppte,,har hopt,50
01/10/2021 14:27:26,hear,,å høre,,hører,,hørte,,har hørt,100
01/10/2021 14:28:00,cough,,å hoste,,hostet,,hostet,,har host,50
01/10/2021 14:28:28,remember,,å glemme,,husker,,husket,,har huskt,50
01/10/2021 14:28:46,cast,,å f,,kaster,,kastet,,har kastet,75
01/10/2021 14:29:00,"know (person, place)",,å kjenne,,kjenner,,kjennte,,har kjent,75
01/10/2021 14:29:19,purchase,,å kjøpe,,kjøper,,kjøpte,,har kjøpt,100
01/10/2021 14:29:38,cook,,å koke,,koker,,kokte,,har kokt,100
01/10/2021 14:29:52,"cost, sweep",,å koste,,koster,,kostet,,har kostet,100
01/10/2021 14:31:09,"make, create",,å lage,,lager,,laget,,har lagdt,75
01/10/2021 14:31:25,play,,å leke,,leker,,lekte,,har lekt,100
01/10/2021 14:31:37,"live, be alive",,å b o,,lever,,levde,,har levd,75
01/10/2021 14:34:04,like,,å like,,liker,,likte,,har likt,100
01/10/2021 14:34:15,listen,,å lytte,,lytter,,har lyttet,,har lytt,50
01/10/2021 14:37:11,to fix,,å fixe,,ordner,,ordnet,,har ordnet,75
01/10/2021 14:37:32,fit,,å fitte,,passer,,paset,,har past,25
01/10/2021 14:37:50,"try, attempt",,å df,,prøver,,prøvde,,har prøvd,75
01/10/2021 14:38:09,"clean, polish",,å rene,,pusser,,pustte,,har pust,25
01/10/2021 14:38:27,to breathe,,å puste,,puster,,pustet,,har pustet,100
01/10/2021 14:38:44,ring,,å ringe,,ringer,,ringte,,har ringt,100
01/10/2021 14:38:56,"call, shout",,å rope,,roper,,ropte,,har ropt,100
01/10/2021 14:39:09,tidy,,å ridde,,rydder,,ryddet,,har ryddet,75
01/10/2021 14:39:29,to realx,,å slape,,slapper,,slappet,,har slappet,75
01/10/2021 14:39:47,send,,å sende,,sender,,sente,,har sent,50
01/10/2021 14:40:00,cut,,å skjære,,skjærer,,skjærte,,har skjært,50
01/10/2021 14:40:23,understand,,å skjenne,,skjønner,,skjønnte,,har skjønt,50
01/10/2021 14:40:54,to scare,,å d,,skremmer,,skremmte,,har skremt,50
01/10/2021 14:41:32,"end, close",,å slutte,,slutter,,sluttet,,har sluttet,100
01/10/2021 14:41:57,smile,,å smile,,smiler,,smilte,,har smilt,100
01/10/2021 14:42:12,snow,,å snø,,snør,,snødde,,har snødd,100
01/10/2021 14:42:36,play,,å spile,,spiller,,spilte,,har spilt,75
01/10/2021 14:42:54,eat,,å spise,,spiser,,spiste,,har spist,100
01/10/2021 14:43:09,"roast, fry, bake",,å steke,,steker,,stekte,,har stekt,100
01/10/2021 14:43:24,"vote, agree",,å f,,stemmer,,har stemmte,,har stemte,25
01/10/2021 14:43:46,study,,å studere,,studerer,,studerte,,har studert,100
01/10/2021 14:44:04,"answer, reply",,å svare,,svarer,,svarte,,har svart,100
01/10/2021 14:44:21,"think, intend",,å tenke,,tenker,,tenkte,,har tenkt,100
01/10/2021 14:44:35,need,,å trenge,,trenger,,trengte,,har trengt,100
01/10/2021 14:44:47,believe,,å trø,,tror,,trodde,,har trodd,75
01/10/2021 14:44:59,to print,,å trikke,,trykker,,treykker,,har trykkt,25
01/10/2021 14:45:16,to joke ,,å tule,,tuller,,tullet,,har tullt,50
01/10/2021 14:45:35,"wake, awaken",,å vake,,våkner,,våknet,,har våknet,75
01/10/2021 14:46:03,wash,,å vaske,,vasker,,vasker,,har vasket,75
01/10/2021 14:46:15,"wait, expect",,å vente,,venter,,ventet,,har ventet,100
01/10/2021 14:46:27,show,,å vidse,,viser,,viste,,har vist,75
01/11/2021 18:26:06,open,,å åpne,,åpner,,åpnet,,har åpnet,100
01/11/2021 18:26:31,work,,å arbeide,,arbeider,,arbeidet,,har arbeidet,100
01/11/2021 18:28:06,to bake,,å bake,,baker,,bakte,,har bak,75
01/11/2021 18:38:35,open,,å åpne,,åpner,,åpnet,,har åpent,75
01/11/2021 18:39:46,work,,å arbeider,,arbeider,,arbeidet,,har arbeidet,75
01/11/2021 18:40:06,to bake,,å bake,,baker,,bakte,,har bakt,100
01/11/2021 18:40:17,begin,,å begynne,,begynner,,gegynnte,,har begynnt,50
01/11/2021 18:40:43,pay,,å betale,,betaler,,batalte,,har betalt,75
01/11/2021 18:41:04,"mean, signify",,å bety,,betyr,,betydde,,har betydd,100
01/11/2021 18:41:25,to move,,å bevegelse,,beveger,,bevegte,,har beveget,50
01/11/2021 18:41:49,"live, reside",,å bo,,bor,,bodde,,har bodd,100
01/11/2021 18:41:58,use,,å bruke,,bruker,,brukte,,har brujt,75
01/11/2021 18:42:08,to cover,,å dekke,,dekker,,dekket,,har dekket,100
01/11/2021 18:42:26,die,,å dø,,dør,,dodde,,har dødd,75
01/11/2021 18:42:41,shower,,å dusje,,dusjer,,dusje,,har dusjet,75
01/11/2021 18:43:08,"be, feel",,å føle,,føler seg,,følte seg,,har følte seg,50
01/11/2021 18:43:31,explain,,å beklare,,forkarer,,forklarte,,har forklart,50
01/11/2021 18:43:51,marry,,å gifte,,gifter,,giftet,,har giftet,100
01/11/2021 18:44:06,to hide,,å gjemme,,gjemmer,,gjemte,,har gjemt,100
01/11/2021 18:44:28,look forward,,å glede seg,,gleder seg,,gledte seg,,har gledet seg,75
01/11/2021 18:44:51,forget,,å glemme,,glemmer,,glemmte,,har glemt,75
01/11/2021 18:45:11,"fetch, bring",,å g,,henter,,hentet,,har hentet,75
01/11/2021 18:45:32,be called/named,,å heter,,heter,,hetet,,har hett,50
01/11/2021 18:45:48,greet,,å hilse,,hilser,,hilste,,har hilst,100
01/11/2021 18:46:05,jump,,å hoppe,,hopper,,hoppet,,har hoppet,100
01/11/2021 18:46:19,hear,,å høre,,hører,,hørte,,har hørt,100
01/11/2021 18:46:42,cough,,å heste,,hoster,,hostet,,har hostet,75
01/11/2021 18:46:56,remember,,å glemme,,husker,,husket,,har husket,75
01/11/2021 18:47:09,cast,,å tr,,kaster,,kastet,,har kastet,75
01/11/2021 18:47:24,"know (person, place)",,å kjenne,,kjennner,,kjente,,har kjent,75
01/11/2021 18:47:45,purchase,,å kjøpe,,kjøper,,kjøpte,,har kjøpt,100
01/11/2021 18:47:58,cook,,å koke,,koker,,kokte,,har kokt,100
01/11/2021 18:48:13,"cost, sweep",,å koste,,koster,,kostet,,har kostet,100
01/11/2021 18:48:40,"make, create",,å lage,,lager,,laget,,har laget,100
01/11/2021 18:48:56,play,,å leke,,leker,,lekte,,har lekt,100
01/11/2021 18:49:05,"live, be alive",,å lo,,lever,,levde,,har levd,75
01/11/2021 18:49:21,like,,å like,,liker,,likte,,har likt,100
01/11/2021 18:49:32,listen,,å lytter,,lytter,,lyttet,,har lyttet,75
01/11/2021 18:49:50,to fix,,å fixe,,ordner,,ordnet,,har ordnet,75
01/11/2021 18:50:09,fit,,å passere,,passer,,passet,,har passet,75
01/11/2021 18:50:25,"try, attempt",,å prøve,,prøver,,prøvde,,har prøvd,100
01/11/2021 18:50:41,"clean, polish",,å p,,pusser,,pusset,,har pusset,75
01/11/2021 18:51:09,to breathe,,å puste,,puster,,pustet,,har pustet,100
01/11/2021 18:51:25,ring,,å ringe,,ringer,,ringet,,har ringt,75
01/11/2021 18:51:42,"call, shout",,å rope,,roper,,ropte,,har ropt,100
01/11/2021 18:51:53,tidy,,å ridde,,rydder,,ryddet,,har ryddet,75
01/11/2021 18:52:08,to realx,,å slape,,slapper,,slappet,,har slappet,75
01/11/2021 18:52:25,send,,å sende,,sender,,sendte,,har semdt,75
01/11/2021 18:52:40,cut,,å skjære,,skjærer,,skjærte,,har skjær,50
01/11/2021 18:53:10,understand,,å skjenne,,skjæ,,skjønnte,,har skjønt,25
01/11/2021 18:53:43,to scare,,å redd,,skremmer,,skremte,,har skremt,75
01/11/2021 18:54:09,"end, close",,å slutt,,slutter,,sluttet,,har sluttet,75
01/11/2021 18:54:24,smile,,å smile,,smiler,,smilte,,har smilt,100
01/11/2021 18:54:33,snow,,å snø,,snør,,snødde,,har snødd,100
01/11/2021 18:54:58,play,,å leke,,spiller,,spillte,,har spilt,50
01/11/2021 18:55:12,eat,,å spise,,spiser,,spiste,,har spist,100
01/11/2021 18:55:22,"roast, fry, bake",,å steke,,steker,,stekte,,har stekt,100
01/11/2021 18:55:34,"vote, agree",,å d,,stemmer,,stemte,,har stemt,75
01/11/2021 18:55:54,study,,å studefe,,studerte,,studerte,,har studert,50
01/11/2021 18:56:19,"answer, reply",,å svare,,svarer,,svarte,,har svart,100
01/11/2021 18:56:34,"think, intend",,å tenke,,tenker,,tenkte,,har tenkt,100
01/11/2021 18:56:45,need,,å trenge,,trenger,,trengte,,har trengt,100
01/11/2021 18:57:00,believe,,å tro,,tror,,trodde,,har trodd,100
01/11/2021 18:57:11,to print,,å trykke,,trykker,,trykket,,har trykket,100
01/11/2021 18:57:28,to joke ,,å tule,,tuller,,tullet,,har tullet,75
01/11/2021 18:57:47,"wake, awaken",,å vake,,våkner,,våknet,,har våkne,50
01/11/2021 18:58:04,wash,,å vaske,,vasker,,vasket,,har vasket,100
01/11/2021 18:58:17,"wait, expect",,å vente,,venter,,ventet,,har ventet,100
01/11/2021 18:58:29,show,,å vise,,viser,,viste,,har vist,100
01/12/2021 19:06:01,obey,,d,,d,,d,,d,0
01/12/2021 19:06:09,recommend,,recommende,,d,,f,,f,0
01/12/2021 19:28:27,begin,,å begyne,,begynner,,begynte,,har begynt,75
01/12/2021 19:29:00,"mean, signify",,å bety,,betyr,,betydde,,har betydd,100
01/12/2021 19:29:22,to move,,å bevege,,beveger,,beveget,,har beveget,100
01/12/2021 19:29:48,die,,å dø,,dør,,dødde,,har dødd,100
01/12/2021 19:30:11,"be, feel",,å føle seg,,føler seg,,følte seg,,har følt seg,100
01/12/2021 19:30:44,explain,,å forklare,,forklarer,,forklarte,,har forklart,100
01/12/2021 19:31:07,to hide,,å gjemme,,gjemmer,,gjemte,,har gjemt,100
01/12/2021 19:31:46,"fetch, bring",,å f,,henter,,hentet,,har hentet,75
01/12/2021 19:32:04,be called/named,,å hete,,heter,,hetet,,har hett,75
01/12/2021 19:32:22,cough,,å hoste,,hoster,,hoset,,har hostet,75
01/12/2021 19:32:45,remember,,å glemme,,husker,,husket,,har husket,75
01/12/2021 19:32:59,cast,,å trykk,,kaster,,kastet,,har kastet,75
01/12/2021 19:33:27,"know (person, place)",,å kjenne,,kjenner,,kjente,,har kjent,100
01/12/2021 19:33:42,"cost, sweep",,å kote,,koster,,kostet,,har kostet,75
01/12/2021 19:33:55,listen,,å lytte,,lytter,,lyttet,,har lyttet,100
01/12/2021 19:34:16,to fix,,å f,,ordne,,ordnet,,har ordnet,50
01/12/2021 19:34:49,fit,,å passer,,passer,,passet,,har passet,75
01/12/2021 19:35:08,"clean, polish",,å ridde3,,pusser,,pusset,,har pusset,75
01/12/2021 19:35:27,tidy,,å ridde,,rydder,,ryddet,,har ryddet,75
01/12/2021 19:35:41,to realx,,å slappe,,slapper,,slappet,,har slappet,100
01/12/2021 19:36:00,send,,å sende,,sender,,sendte,,har sendt,100
01/12/2021 19:36:27,cut,,å skjære,,skjærer,,skjarte,,har skjærte,50
01/12/2021 19:36:52,understand,,å forstå,,skjønner,,skjønte,,har skjønt,75
01/12/2021 19:37:21,to scare,,å skrike,,slremmer,,skremte,,har skremt,50
01/12/2021 19:37:41,"vote, agree",,å stemme,,stemmer,,stemte,,har stemt,100
01/12/2021 19:38:49,to joke ,,å tulle,,tuller,,tullet,,har tullet,100
01/12/2021 19:39:02,"wake, awaken",,å våke,,våkner,,våknet,,har våknet,75
13/01/2021 16:51:56,begin,,å begynne,,begynner,,begynte,,har begynt,100
13/01/2021 16:52:43,pay,,å betale,,betaler,,betalte,,har betalt,100
13/01/2021 16:53:39,"mean, signify",,å bety,,betyr,,betydde,,har betyd,75
13/01/2021 16:54:06,use,,å bruke,,bruker,,brukte,,har brukt,100
13/01/2021 16:54:23,die,,å dø,,dør,,dødde,,har dødd,100
13/01/2021 16:54:41,shower,,å dusje,,dusjer,,dusjet,,har dusjet,100
13/01/2021 16:54:59,to hide,,å gjemme,,gjemmer,,har gjemte,,har gjemmte,50
13/01/2021 16:55:26,look forward,,å glese seg,,gleder seg,,gledet seg,,har gledet seg,75
13/01/2021 16:55:56,forget,,å huske,,glemmer,,glemte,,har glemt,75
13/01/2021 16:56:12,"fetch, bring",,å,,henter,,hentet,,har hentet,75
13/01/2021 16:56:37,be called/named,,å hete,,heter,,hetet,,har hetet,50
13/01/2021 16:56:56,cough,,å hoste,,hoster,,hostet,,har hostet,100
13/01/2021 16:57:14,remember,,å huske,,husker,,husket,,har husket,100
13/01/2021 16:57:30,cast,,å kaste,,kaster,,kastet,,har kastet,100
13/01/2021 16:57:49,"cost, sweep",,å koste,,koster,,kostet,,har kostet,100
13/01/2021 16:58:04,"live, be alive",,å d,,lever,,levde,,har levd,75
13/01/2021 17:01:12,to fix,,å ordne,,ordner,,ordnet,,har ordnet,100
13/01/2021 17:01:32,fit,,,,,,,,,0
13/01/2021 17:01:36,"clean, polish",,å rydde,,pusser,,pusset,,har pusset,75
13/01/2021 17:02:15,ring,,å ringe,,ringer,,ringte,,har ringt,100
13/01/2021 17:02:35,tidy,,å rydde,,rydder,,ryddet,,har ryddet,100
13/01/2021 17:02:48,cut,,å skjære,,skjærer,,skjarte,,har skar,50
13/01/2021 17:03:20,understand,,å s,,skjønne,,skjønte,,har skjønt,50
13/01/2021 17:04:00,to scare,,å skremme,,skremmer,,skremte,,har skremt,100
13/01/2021 17:04:24,"end, close",,å slutt,,slutter,,sluttet,,har sluttet,75
13/01/2021 17:04:40,study,,å studere,,studerer,,studerte,,har studert,100
13/01/2021 17:05:08,"wake, awaken",,å våke,,våkne,,å,,d,0
13/01/2021 17:24:12,"mean, signify",,å bety,,betyr,,betydde,,har betydd,100
14/01/2021 11:55:51,to hide,,å gjenne,,gjemmer,,gjemte,,har gjemt,75
14/01/2021 11:56:28,look forward,,å glede seg,,gleder seg,,gledet seg,,har gledet seg,100
14/01/2021 11:56:52,forget,,å glemme,,glemmer,,glemte,,har glemt,100
14/01/2021 11:57:09,"fetch, bring",,å g,,henter,,hentet,,har hentet,75
14/01/2021 11:57:25,be called/named,,å heter,,heter,,hettet,,har hett,50
14/01/2021 11:57:47,"cost, sweep",,å koste,,koster,,kostet,,har kostet,100
14/01/2021 11:58:16,"live, be alive",,å bo,,lever,,levde,,har levd,75
14/01/2021 11:58:27,fit,,å passe,,passer,,passet,,har passet,100
14/01/2021 11:58:42,"clean, polish",,å puste,,pusser,,pusset,,har pusset,75
14/01/2021 11:58:58,cut,,å skjære,,skjærer,,skjar,,har skjare,50
14/01/2021 11:59:18,understand,,å skjønne,,skjønte,,skjønte,,har skjønt,75
14/01/2021 12:00:05,"end, close",,å slutte,,slutter,,sluttet,,har sluttet,100
14/01/2021 12:00:21,"wake, awaken",,å våkne,,våknet,,våknet,,har våknet,75
14/01/2021 12:10:03,to hide,,å gjemme,,gjemmer,,gjemte,,har gjemt,100
14/01/2021 12:10:38,"fetch, bring",,å hente,,henter,,hentet,,har hentet,100
14/01/2021 12:11:03,be called/named,,å hete,,heter,,hette,,har hett,100
14/01/2021 12:14:08,"live, be alive",,å leve,,lever,,levde,,har levd,100
14/01/2021 12:14:18,"clean, polish",,å pusse,,pusser,,pusset,,har pusset,100
14/01/2021 12:14:35,cut,,å skjære,,skjærer,,skar,,har skåret,100
14/01/2021 12:15:19,understand,,å skjønne,,skjønner,,skjønte,,har skjønt,100
14/01/2021 12:16:02,"wake, awaken",,å våkne,,våkner,,våknet,,har våknet,100
14/01/2021 13:31:08,employ,,å ansette,,ansetter,,ansatt,,har ansatt,75
14/01/2021 13:31:28,interrupt,,å avbryte,,avbryter,,avbrytt,,har avbrøt,50
14/01/2021 13:32:08,"bear, carry",,å av,,bærer,,bærte,,har bar,25
14/01/2021 13:32:23,ask,,å spørre,,ber,,bett,,har bet,25
14/01/2021 13:32:42,be,,å bli,,er,,blidd,,har bled,25
14/01/2021 13:33:02,"violate, break",,å brake,,bryter,,brøtt,,brutt,25
14/01/2021 13:33:32,should,,å ska,,burder,,bødde,,har burd,0
14/01/2021 13:34:06,go/travel,,å go,,drar,,drakt,,har bdrakt,25
14/01/2021 13:34:25,drink,,å drikke,,drikker,,drukt,,har drukt,50
14/01/2021 13:34:40,"operate, run",,å run,,driver,,drivte,,har drivt,25
14/01/2021 13:34:59,get/receive,,å g,,,,fadde,,har fik,0
14/01/2021 13:35:13,find,,å finne,,finner,,finnte,,har finnet,50
14/01/2021 13:35:33,prefer,,å d,,foretrekker,,foretrakk,,har foretrakk,50
14/01/2021 13:36:04,disappear,,å d,,forsvinner,,forsvinte,,har forsvant,25
14/01/2021 13:36:30,"tell, explain",,å forklare,,forteller,,fortold,,har fortalte,25
14/01/2021 13:36:54,continue,,å for,,fortsette,,forsatte,,har forsatt,0
14/01/2021 13:37:53,"go, walk",,å go,,går,,gikk,,har gjor,50
14/01/2021 13:38:10,give,,å ga,,gir,,gikk,,har gav,25
14/01/2021 13:38:26,repeat,,å for,,gjenter,,gjenter,,har gjentak,0
14/01/2021 13:38:49,do,,å gjøre,,gjører,,gjørte,,har gjørt,25
14/01/2021 13:39:13,have,,å ha,,har,,hadde,,har hadd,75
14/01/2021 13:39:27,help,,å hjelpe,,hjelper,,hjalpt,,har hjalp,50
14/01/2021 13:39:51,come,,å kome,,kommer,,komte,,har kom,25
14/01/2021 13:40:02,can/be able to,,å e,,kun,,kun,,har kunn,0
14/01/2021 13:40:19,laugh,,å le,,ler,,lier,,har latt,50
14/01/2021 13:40:29,lay/put,,å ligge,,legger,,legtë,,har latt,25
14/01/2021 13:40:48,lie,,å sw,,ligger,,ligte,,har ligt,25
14/01/2021 13:41:08,must/have to ,,å må,,må,,måtte,,har mått,50
14/01/2021 13:41:28,enjoy,,å glede,,nyter,,nytte,,har nytter,25
14/01/2021 13:41:50,exaggerate,,d,,overdriver,,overdrøve,,overdrev,25
14/01/2021 13:42:10,reach,,åd,,rekker,,rekte,,har rakt,50
14/01/2021 13:42:27,ride,,å ridde,,rir,,ridede,,har red,25
14/01/2021 13:42:38,see,,å se,,ser,,sa,,har sa,50
14/01/2021 13:42:49,sell,,å selge,,selger,,har solgt,,har solgt,75
14/01/2021 13:43:04,set/put/place,,å,,setter,,sett,,har satt,50
14/01/2021 13:43:22,"say, tell",,å ser,,sir,,sitte,,har sa,0
14/01/2021 13:43:39,sit,,å sitte,,sitter,,har satte,,har satt,50
14/01/2021 13:43:52,write,,å skrive,,skriver,,skrivte,,har skrev,50
14/01/2021 13:44:06,"should, shall",,å skal,,skal,,skulle,,har skal,50
14/01/2021 13:44:23,"hit, strike",,å s,,slår,,slatt,,har slotte,25
14/01/2021 13:44:37,drop,,å d,,slipper,,slipte,,har slappet,25
14/01/2021 13:45:48,sneak,,s,,snikee,,snikte,,har snek,0
14/01/2021 13:46:00,sleep,,å søve,,sover,,sovte,,har sov,25
14/01/2021 13:46:10,ask,,å spørre,,spørrer,,spurte,,har sport,50
14/01/2021 13:46:33,"stand, stand up",,å s,,står,,studde,,har studdet,25
14/01/2021 13:46:50,steal,,å s,,stjeler,,stjelle,,har stjalt,25
14/01/2021 13:47:06,stroke,,å s,,stryker,,strikk,,har strikket,25
14/01/2021 13:47:24,take,,å ta,,tar,,tukk,,har tukk,50
14/01/2021 13:47:36,count,,å telle,,teller,,tellte,,har taltet,50
14/01/2021 13:47:50,meet/hit,,å d,,treffer,,frette,,har traff,25
14/01/2021 13:48:07,pull,,å p,,trekker,,trete,,har trakk,25
14/01/2021 13:48:20,"be, exist",,å være,,var,,var,,har blir,50
14/01/2021 13:48:33,"want to, will",,å ville,,vil,,vill,,har vilt,50
14/01/2021 13:48:50,know,,å visse,,viter,,vett,,har visst,25
14/01/2021 17:29:51,employ,,å ansette,,ansetter,,ansatte,,har ansatt,100
15/01/2021 10:53:24,interrupt,,å avbryte,,avbryter,,avbrutt,,har avbrutt,75
15/01/2021 10:54:02,"bear, carry",,å bære,,bar,,bar,,har bar,50
15/01/2021 10:54:16,ask,,å be,,ber,,ber,,har bett,50
15/01/2021 10:55:02,be,,å bli,,blir,,bli,,har blett,50
15/01/2021 10:55:18,"violate, break",,å bryte,,bryter,,brøt,,har brutt,75
15/01/2021 10:56:00,should,,å burde,,burder,,burde,,har burd,50
15/01/2021 10:56:18,go/travel,,å dra,,drar,,drakk,,har drakk,50
15/01/2021 10:56:34,drink,,å drikke,,drikker,,druk,,har drakk,50
15/01/2021 10:56:54,"operate, run",,å drive,,driver,,drivte,,har drev,50
15/01/2021 10:57:11,get/receive,,å få,,får,,fatt,,har fitt,50
15/01/2021 10:57:23,find,,å finne,,dinner,,finte,,har fatt,25
15/01/2021 10:57:40,prefer,,å feretrekke,,foretrukk,,foretrukk,,har foretrakk,0
15/01/2021 10:58:16,disappear,,å forsvinne,,forsvinner,,forsvinnet,,har forsvunt,50
15/01/2021 10:58:40,"tell, explain",,å fotelle,,forteller,,har fortell,,har fortalt,50
15/01/2021 10:59:15,continue,,å fortsette,,fortsetter,,forsatt,,har forsattet,50
15/01/2021 10:59:50,"go, walk",,å gå,,går,,gikk,,har gått,100
15/01/2021 11:00:32,give,,å gi,,gir,,gav,,har gitt,100
15/01/2021 11:00:59,repeat,,å gjenta,,gjentaer,,gjentat,,har gjentakk,25
15/01/2021 11:01:39,do,,å gjøre,,gjorer,,har gjorte,,har gjord,25
15/01/2021 11:02:05,have,,å ha,,har,,hadde,,har hatt,100
15/01/2021 11:02:16,help,,å hjelpe,,hjelper,,hjelpte,,har hjelpt,50
15/01/2021 11:02:40,come,,å komme,,kommer,,kom,,har kom,75
15/01/2021 11:02:57,can/be able to,,å kunne,,kunne,,kunne,,har kunn,50
15/01/2021 11:03:14,laugh,,å le,,ler,,lier,,har lier,50
15/01/2021 11:03:27,lay/put,,å legge,,legger,,legte,,har latt,50
15/01/2021 11:03:41,lie,,å ligge,,ligger,,ligte,,har ligt,50
15/01/2021 11:04:07,must/have to ,,å måtte,,må,,måtte,,har mått,75
15/01/2021 11:04:27,enjoy,,å nyte,,nyter,,har niste,,har nyttet,50
15/01/2021 11:04:47,exaggerate,,å overdrive,,å overdriver,,pverdrak,,har overdrevt,25
15/01/2021 11:05:17,reach,,å rekke,,rekker,,rekte,,har raktet,50
15/01/2021 11:05:36,ride,,å ri,,rir,,ror,,har redd,50
15/01/2021 11:05:51,see,,å se,,ser,,sier,,har sier,50
15/01/2021 11:06:02,sell,,å selge,,selger,,solgte,,har solgt,100
15/01/2021 11:06:17,set/put/place,,å sette,,setter,,sett,,har sattet,50
15/01/2021 11:07:05,"say, tell",,å si,,sir,,s,,har satt,25
15/01/2021 11:07:17,sit,,å sitte,,sitter,,søtter,,har sattet,50
15/01/2021 11:07:35,write,,å skrive,,skriver,,skrivte,,har skrevet,75
15/01/2021 11:07:50,"should, shall",,å skulle,,skal,,skulle,,har skal,75
15/01/2021 11:08:04,"hit, strike",,å slå,,slår,,slådd,,har slo,50
15/01/2021 11:08:18,drop,,å slippe,,slipper,,slipte,,har slappet,50
15/01/2021 11:08:33,sneak,,å snike,,sniker,,snikte,,har snek,50
15/01/2021 11:08:45,sleep,,å sove,,sover,,sovte,,har sovet,75
15/01/2021 11:08:58,ask,,å spørre,,spørrer,,har spørt,,har spurtet,25
15/01/2021 11:09:21,"stand, stand up",,å stå,,står,,sted,,har stodd,50
15/01/2021 11:09:46,steal,,å stjele,,stjeler,,stjelte,,har stjal,50
15/01/2021 11:10:03,stroke,,å stryke,,stryker,,strykte,,har strøk,50
15/01/2021 11:10:21,take,,å ta,,tar,,takk,,har takk,50
15/01/2021 11:10:32,count,,å telle,,teller,,telte,,har talt,75
15/01/2021 11:10:45,meet/hit,,å treffe,,treffer,,treffte,,har freff,50
15/01/2021 11:11:08,pull,,å trekke,,trekker,,trekkte,,har trakk,50
15/01/2021 11:11:26,"be, exist",,å være,,være,,var,,har vært,75
15/01/2021 11:11:45,"want to, will",,å ville,,vil,,d,,har vill,50
15/01/2021 11:11:58,know,,å vite,,viter,,vet,,har visst,50
16/01/2021 10:10:53,interrupt,,å avbryte,,avbryt,,avbrøtt,,har avbrøtet,25
16/01/2021 10:11:30,"bear, carry",,,,bar,,bar,,har bart,25
16/01/2021 10:11:46,ask,,å be,,ber,,bir,,har bar,50
16/01/2021 10:12:03,be,,å bli,,blir,,bli,,har ble,50
16/01/2021 10:12:18,"violate, break",,å bryte,,bryter,,brøt,,har brutt,75
16/01/2021 10:12:52,should,,å burde,,burder,,bur,,har burdet,50
16/01/2021 10:13:08,go/travel,,å dra,,drar,,drakk,,har drakket,50
16/01/2021 10:13:26,drink,,å drikke,,drikker,,drukk,,har drakket,50
16/01/2021 10:13:45,"operate, run",,å drive,,driver,,drø,,har drevet,75
16/01/2021 10:14:03,get/receive,,å få,,får,,fikk,,har fikk,75
16/01/2021 10:14:24,find,,å finne,,finner,,finte,,har fantet,50
16/01/2021 10:14:36,prefer,,å foretrekke,,foretrekker,,foretrakk,,har foretrukk,75
16/01/2021 10:15:17,disappear,,å forsvinne,,forsvinner,,forsvunnet,,har forsvunnet,75
16/01/2021 10:15:45,"tell, explain",,å fortelle,,forteller,,fortall,,har fortalt,75
16/01/2021 10:16:20,continue,,å fortsette,,forsetter,,fortsatt,,har fortsatt,50
16/01/2021 10:16:50,repeat,,å gjenta,,gjantet,,gjenter,,har gjentakk,25
16/01/2021 10:17:19,do,,å gjøre,,gjører,,gjørt,,har gjørd,25
16/01/2021 10:17:45,help,,å hjelpe,,hjelper,,hjalp,,har hjalpet,75
16/01/2021 10:18:07,come,,å komme,,kommer,,kom,,har kommet,100
16/01/2021 10:18:20,can/be able to,,å kunne,,kan,,kunne,,har kunnet,100
16/01/2021 10:19:09,laugh,,å le,,ler,,lo,,har lo,75
16/01/2021 10:20:13,lay/put,,å legge,,legger,,lagg,,har lagget,50
16/01/2021 10:20:27,lie,,å ligge,,ligger,,ligte,,har lått,50
16/01/2021 10:21:30,must/have to ,,å måtte,,må,,måtte,,har må,75
16/01/2021 10:21:55,enjoy,,å nyte,,nyter,,nitte,,har nøttet,50
16/01/2021 10:23:00,exaggerate,,å overdrive,,overdriver,,overdrakk,,har overdrevt,50
16/01/2021 10:23:25,reach,,å rekke,,rekker,,rekte,,har rakt,75
16/01/2021 10:24:41,ride,,å ri,,rir,,rode,,har red,50
16/01/2021 10:24:51,see,,å se,,ser,,sir,,har sir,50
16/01/2021 10:25:00,set/put/place,,å sette,,setter,,satt,,har sattet,50
16/01/2021 10:25:32,"say, tell",,å si,,sir,,sir,,har satt,25
16/01/2021 10:25:43,sit,,å sitte,,sitter,,sar,,har sattet,50
16/01/2021 10:25:55,write,,å skrive,,skriver,,skrevt,,har skrevt,50
16/01/2021 10:26:08,"should, shall",,å skulle,,skal,,skulle,,har skullet,100
16/01/2021 10:26:23,"hit, strike",,å slå,,slår,,sladd,,har slodd,50
16/01/2021 10:26:36,drop,,å slippe,,slipper,,slipt,,har slappet,50
16/01/2021 10:26:51,sneak,,å snike,,sniker,,snakte,,har snektet,50
16/01/2021 10:27:02,sleep,,å sove,,sover,,sovte,,har sovte,50
16/01/2021 10:27:18,ask,,å sporre,,spørrte,,har spørte,,har spurtet,0
16/01/2021 10:27:42,"stand, stand up",,å slå,,slår,,stadd,,har stoder,0
16/01/2021 10:28:17,steal,,å stjele,,stjeler,,stjele,,har stjalet,50
16/01/2021 10:28:54,stroke,,å stryke,,stryker,,strykte,,har strøkk,50
16/01/2021 10:29:24,take,,å ta,,tar,,tukk,,har tukk,50
16/01/2021 10:29:37,count,,å telle,,teller,,telte,,har taltet,50
16/01/2021 10:29:49,meet/hit,,å treffe,,treffer,,trefte,,har traffet,50
16/01/2021 10:30:04,pull,,å trekke,,trekker,,trakk,,har trakket,75
16/01/2021 10:30:21,"be, exist",,å være,,var,,var,,har være,50
16/01/2021 10:30:36,"want to, will",,å ville,,vil,,ville,,har villet,100
16/01/2021 10:30:48,know,,å vite,,viter,,vett,,har visst,50
17/01/2021 11:34:31,open,,å åpne,,åpner,,åpnet,,har åpnet,100
17/01/2021 11:37:56,work,,å arbeide,,arbeider,,arbeidet,,har arbeidet,100
17/01/2021 11:39:36,interrupt,,å avbryte,,avbryter,,avbrøt,,har avbrøtt,75
17/01/2021 11:40:31,"bear, carry",,å bære,,bar,,bar,,har bar,50
17/01/2021 11:40:44,to bake,,å bake,,baker,,bakte,,har bakt,100
17/01/2021 11:40:54,ask,,å be,,ber,,bir,,har ba,50
17/01/2021 11:41:07,be,,å bli,,blir,,blød,,har bledd,50
17/01/2021 11:41:56,"live, reside",,å bo,,bor,,bodde,,har bodd,100
17/01/2021 11:42:07,"violate, break",,å bryte,,bryter,,britt,,har brittet,50
17/01/2021 11:42:25,should,,å burde,,burde,,burde,,har burdet,75
17/01/2021 11:42:42,to cover,,å dekke,,dekker,,dekket,,har dekket,100
17/01/2021 11:43:14,go/travel,,å dra,,drar,,drev,,har drott,50
17/01/2021 11:43:30,drink,,å drikke,,drikker,,drakk,,har drukt,75
17/01/2021 11:43:53,"operate, run",,å driver,,driv,,driv,,har drevet,25
17/01/2021 11:49:56,get/receive,,å få,,får,,fatt,,har fikket,50
17/01/2021 11:50:11,find,,å finne,,finner,,finde,,har fantet,50
17/01/2021 11:50:28,prefer,,å foretrekke,,foretrakk,,foretrakk,,har foretrakket,50
17/01/2021 11:53:10,disappear,,å forsvinne,,forsvinner,,forsvann,,har forsvant,50
17/01/2021 11:53:40,"tell, explain",,å fortelle,,forteller,,fortall,,har fortalt,75
17/01/2021 11:54:01,continue,,å forstsette,,fortsette,,fortsatt,,har forsattet,0
17/01/2021 11:54:28,marry,,å gifte,,gifter,,giftet,,har giftet,100
17/01/2021 11:54:50,repeat,,å gjenta,,gjentar,,gjentukk,,har gjentakk,50
17/01/2021 11:55:26,do,,å gjøre,,gjører,,gjorde,,har gjørt,50
17/01/2021 11:55:51,greet,,å hilse,,hilser,,hilste,,har hilst,100
17/01/2021 11:56:56,help,,å hjelpe,,hjelper,,hjalpt,,har hjelpt,50
17/01/2021 11:57:19,jump,,å hoppe,,hopper,,hopet,,har hoppet,75
17/01/2021 11:57:45,hear,,å høre,,hører,,hørte,,har hørt,100
17/01/2021 11:58:02,purchase,,å kjøpe,,kjøper,,kjøpte,,har kjøpt,100
17/01/2021 11:58:24,cook,,å koke,,koker,,kokte,,har kokt,100
17/01/2021 11:58:38,"make, create",,å lage,,lager,,laget,,har laget,100
17/01/2021 11:58:49,laugh,,å le,,ler,,lir,,har lodd,50
17/01/2021 11:58:57,lay/put,,å legge,,legger,,ligge,,har ligget,50
17/01/2021 11:59:14,play,,å leke,,leker,,lekte,,har lekt,100
17/01/2021 11:59:23,lie,,å ligge,,ligger,,lo,,har lagt,50
17/01/2021 11:59:52,like,,å like,,liker,,likte,,har liket,75
17/01/2021 12:00:03,must/have to ,,å måtte,,mp,,måtte,,har måttet,75
17/01/2021 12:00:43,enjoy,,å nyte,,nyter,,nytt,,har nøtt,50
17/01/2021 12:01:02,exaggerate,,å overdrive,,overdriver,,overdriv,,har overdrevt,50
17/01/2021 12:01:29,"try, attempt",,å prøve,,prøver,,prøvde,,har prøvd,100
17/01/2021 12:02:16,to breathe,,å puste,,puster,,pustet,,har pustet,100
17/01/2021 12:02:32,reach,,å rekke,,rekker,,rekte,,har rektet,50
17/01/2021 12:02:42,ride,,å ri,,ri,,ri,,har ød,25
17/01/2021 12:02:54,"call, shout",,å rope,,roper,,ropte,,har ropt,100
17/01/2021 12:03:14,see,,å se,,ser,,sir,,har satt,50
17/01/2021 12:03:23,set/put/place,,å sette,,setter,,satt,,har satt,75
17/01/2021 12:04:12,"say, tell",,å si,,sir,,sir,,har satt,25
17/01/2021 12:05:12,sit,,å sitte,,sitter,,satt,,har satt,75
17/01/2021 12:05:26,write,,å skrive,,skriver,,skrev,,har skrevet,100
17/01/2021 12:05:53,"hit, strike",,å slå,,slår,,slatt,,har slott,50
17/01/2021 12:06:27,drop,,å slippe,,slipper,,slipt,,har slappet,50
17/01/2021 12:06:41,smile,,å smile,,smiler,,smilte,,har smilt,100
17/01/2021 12:06:51,sneak,,å snike,,sniker,,snaker,,har snek,50
17/01/2021 12:07:04,snow,,å snø,,snør,,snødde,,har snødd,100
17/01/2021 12:07:15,sleep,,å sover,,sover,,sovt,,har sovet,50
17/01/2021 12:07:32,play,,å spille,,spiller,,spillte,,har spilt,75
17/01/2021 12:07:51,eat,,å spise,,spiser,,spiste,,har spist,100
17/01/2021 12:08:02,ask,,å spørre,,spør,,sporte,,har spurt,75
17/01/2021 12:08:25,"stand, stand up",,å stå,,står,,stått,,har stodd,50
17/01/2021 12:08:46,"roast, fry, bake",,å steke,,steker,,stekte,,har stekt,100
17/01/2021 12:10:48,steal,,å stjele,,stjeler,,stelte,,har stjalt,50
17/01/2021 12:11:01,stroke,,å stryke,,stryker,,strikt,,har strld,50
17/01/2021 12:11:22,"answer, reply",,å spørre,,svarer,,svarte,,har svart,75
17/01/2021 12:12:01,take,,å tar,,tar,,tokk,,har tar,25
17/01/2021 12:12:15,count,,å telel,,teller,,tell,,har talt,50
17/01/2021 12:12:31,"think, intend",,å tenke,,tenker,,tenkte,,har tenkt,100
17/01/2021 12:12:47,meet/hit,,å treffe,,treffer,,traff,,har traffet,75
17/01/2021 12:13:24,pull,,å trekke,,trekker,,trakk,,har trekket,75
17/01/2021 12:13:43,need,,å trenge,,trenger,,trengte,,har trengt,100
17/01/2021 12:14:00,believe,,å tro,,tror,,trodde,,har trodd,100
17/01/2021 12:14:18,to print,,å trykke,,trykker,,trykket,,har trykket,100
17/01/2021 12:14:35,"be, exist",,å være,,er,,var,,har vært,100
17/01/2021 12:14:54,wash,,å vaske,,vasker,,vasket,,har vasket,100
17/01/2021 12:15:10,"wait, expect",,å vente,,venter,,ventet,,har ventet,100
17/01/2021 12:15:22,show,,å snø,,viser,,viste,,har vist,75
17/01/2021 12:15:36,know,,å vite,,viter,,vett,,har visst,50
18/01/2021 15:47:02,interrupt,,å avbryte,,avbryter,,avbrøtt,,har avbutt,50
18/01/2021 15:47:30,"bear, carry",,å bære,,å bærer,,bar,,har bar,50
18/01/2021 15:49:46,ask,,å be,,er,,besrt,,har beret,25
18/01/2021 15:50:01,be,,å bli,,blir,,bli,,har blir,50
18/01/2021 15:56:30,"violate, break",,å bryte,,brytee,,bryter,,har bruttet,25
18/01/2021 15:56:53,should,,å burde,,burder,,burde,,har burdet,75
18/01/2021 15:57:11,go/travel,,å dra,,drar,,drak,,har dratt,75
18/01/2021 15:57:37,drink,,å drikke,,drikker,,drukk,,har drukket,75
18/01/2021 15:57:52,"operate, run",,å drive,,driver,,drevt,,har drevet,75
18/01/2021 15:58:17,get/receive,,å få,,får,,fikk,,har fikk,75
18/01/2021 15:58:44,find,,å finne,,finner,,finde,,har fantet,50
18/01/2021 15:59:06,prefer,,å foretrekke,,foretrekker,,foretrakk,,har foretrakket,75
18/01/2021 15:59:38,disappear,,å forsvinne,,forsvinner,,forsvann,,har forsvant,50
18/01/2021 16:00:02,"tell, explain",,å fortelle,,forteller,,fortold,,har fortalt,75
18/01/2021 16:00:28,continue,,å fortsette,,fortsetter,,fortsatt,,har forsattet,50
18/01/2021 16:00:57,repeat,,å gjenta,,gjenar,,gj,,har gjentakk,25
18/01/2021 16:01:25,do,,å gjøre,,gjør,,gjorde,,har gjord,75
18/01/2021 16:01:44,help,,hjelpe,,hjelper,,hjalpt,,har hjalpet,25
18/01/2021 16:03:03,laugh,,å le,,ler,,li,,har lott,50
18/01/2021 16:03:18,lay/put,,å legge,,legger,,ligg,,har latt,50
18/01/2021 16:03:31,lie,,å ligge,,ligger,,ligt,,har ligt,50
18/01/2021 16:04:30,must/have to ,,å måtte,,må,,måtte,,har mått,75
18/01/2021 16:04:42,enjoy,,å nyte,,nyter,,nit,,har nøttet,50
18/01/2021 16:06:40,exaggerate,,å overdrive,,overdriver,,overdrev,,overdrevet,75
18/01/2021 16:07:23,reach,,å rekke,,rekker,,rekt,,har raktet,50
18/01/2021 16:07:41,ride,,å ri,,rir,,ror,,har rirte,50
18/01/2021 16:07:53,see,,å se,,ser,,si,,har sått,50
18/01/2021 16:08:03,set/put/place,,å sette,,setter,,sat,,har satt,75
18/01/2021 16:08:19,"say, tell",,å so,,sir,,sa,,d,25
18/01/2021 16:08:26,sit,,å sitte,,sitter,,satt,,har satt,75
18/01/2021 16:08:41,"hit, strike",,å slå,,slår,,slått,,har slått,75
18/01/2021 16:08:53,drop,,å slippe,,slipper,,slal,,har slappet,50
18/01/2021 16:09:06,sneak,,å snike,,sniker,,snaker,,har sneket,75
18/01/2021 16:09:19,sleep,,å sove,,sover,,sovt,,har sovet,75
18/01/2021 16:09:32,ask,,å sporre,,spørrer,,spørt,,har spurt,25
18/01/2021 16:10:05,"stand, stand up",,å stå,,står,,stakk,,har stått,75
18/01/2021 16:10:26,steal,,å stjele,,stjeler,,stjalt,,har stjalet,50
18/01/2021 16:10:42,stroke,,å stryke,,stryker,,strikt,,har strøket,75
18/01/2021 16:11:21,take,,å ta,,tar,,tokk,,har tok,50
18/01/2021 16:11:35,count,,å telle,,teller,,told,,har talt,75
18/01/2021 16:11:44,meet/hit,,å treffe,,treffer,,tfaff,,har traffet,50
18/01/2021 16:12:01,pull,,å trekke,,trekker,,trekte,,har trakket,50
18/01/2021 16:12:13,know,,å vite,,viter,,vite,,har visst,50
19/01/2021 08:15:32,interrupt,,å avbryte,,avbryter,,avbrøtt,,har avbrutt,75
19/01/2021 08:17:54,"bear, carry",,å bære,,bærer,,bære,,har baret,50
19/01/2021 08:18:17,ask,,å be,,ber,,bor,,har batt,50
19/01/2021 08:18:30,begin,,å begyne,,begynte,,begynte,,har begynt,50
19/01/2021 08:19:04,be,,å bli,,blir,,bli,,har blett,50
19/01/2021 08:19:16,"violate, break",,å bryte,,bryter,,brøtt,,har brutt,75
19/01/2021 08:19:35,should,,å burde,,burder,,burde,,har børr,50
19/01/2021 08:19:53,go/travel,,å dra,,drar,,drak,,har drakk,50
19/01/2021 08:20:05,drink,,å drikke,,drikker,,druk,,har drukket,75
19/01/2021 08:20:21,"operate, run",,å drive,,driver,,dror,,har drevet,75
19/01/2021 08:20:39,get/receive,,å få,,får,,få,,har fikk,50
19/01/2021 08:21:02,find,,å finne,,finner,,fint,,har fantet,50
19/01/2021 08:21:14,prefer,,å foretrekke,,foretrekker,,foretrakk,,har foretrukk,75
19/01/2021 08:21:44,disappear,,å forsvinne,,forsvinner,,forsvunt,,har forsvant,50
19/01/2021 08:30:53,"tell, explain",,å fortelle,,forteller,,fortell,,har fortalt,75
19/01/2021 08:31:55,continue,,å fortsette,,forsetter,,fortsatt,,har forsatt,25
19/01/2021 08:32:20,repeat,,å gjenta,,gjentar,,gjant,,har gjentok,50
19/01/2021 08:32:43,do,,å gjøre,,gjør,,gjort,,har gjørd,50
19/01/2021 08:33:04,help,,å hjelpe,,hjelper,,hjalp,,har hjelpet,75
19/01/2021 08:33:22,cough,,å hoste,,hoster,,hostet,,har hostet,100
19/01/2021 08:33:54,remember,,å huske,,husker,,husket,,har husket,100
19/01/2021 08:34:09,cast,,å gjemme,,kaster,,kastet,,har kastet,75
19/01/2021 08:34:39,laugh,,å le,,ler,,lir,,har l,50
19/01/2021 08:34:51,lay/put,,å legge,,legger,,lagg,,har lagg,50
19/01/2021 08:35:09,lie,,å ligge,,ligger,,ligte,,har ligt,50
19/01/2021 08:35:31,must/have to ,,å måtte,,må,,måtte,,har måttet,100
19/01/2021 08:35:53,enjoy,,å nyte,,nyter,,nytt,,har nyttet,50
19/01/2021 08:36:08,to fix,,å passe,,ordner,,ordnet,,har ordnet,75
19/01/2021 08:41:23,exaggerate,,å overdrive,,overdriver,,overdrø,,har overdrev,50
19/01/2021 08:41:49,reach,,å rekke,,rekker,,rekk,,har rakt,75
19/01/2021 08:42:04,ride,,å ri,,rir,,rod,,har redd,50
19/01/2021 08:42:28,tidy,,å rydde,,rydder,,ryddet,,har ryddet,100
19/01/2021 08:42:44,see,,å se,,se,,se,,har sått,25
19/01/2021 08:42:53,set/put/place,,å sette,,setter,,sitt,,har satt,75
19/01/2021 08:43:09,"say, tell",,å si,,sir,,sir,,har satt,25
19/01/2021 08:44:44,sit,,å sitte,,sitter,,satte,,har satt,50
19/01/2021 08:48:05,to scare,,å skike,,skremmer,,skremte,,har skremt,75
19/01/2021 08:48:27,"hit, strike",,å slå,,slår,,slått,,har slo,50
19/01/2021 08:48:38,drop,,å slippe,,slipper,,slapp,,har slapp,75
19/01/2021 08:48:55,sneak,,å snike,,sniker,,snekt,,har sneket,75
19/01/2021 08:49:12,sleep,,å sove,,sover,,sovt,,har sovet,75
19/01/2021 08:51:24,ask,,å spørre,,spørrer,,har spørt,,har spurt,50
19/01/2021 08:51:45,"stand, stand up",,å stå,,srår,,stått,,har stodet,25
19/01/2021 08:51:59,steal,,å stjele,,stjeler,,stjelt,,har stjal,50
19/01/2021 08:52:18,stroke,,å stryke,,stryker,,stryk,,har strøk,50
19/01/2021 08:52:41,take,,å ta,,tar,,tatt,,har tatt,75
19/01/2021 08:52:54,count,,å telle,,teller,,tolt,,har talt,75
19/01/2021 08:53:05,meet/hit,,å treffe,,treffer,,treff,,har traff,50
19/01/2021 08:54:09,pull,,å trekke,,trekker,,trekt,,har trakket,50
19/01/2021 08:54:24,know,,å vite,,vit,,har vite,,har visst,50